timeStamp,elapsed,label,responseCode,responseMessage,threadName,dataType,success,failureMessage,bytes,sentBytes,grpThreads,allThreads,URL,Latency,IdleTime,Connect
1727202127995,22,HTTP Request,200,OK,VRP Submission 1-1,text,true,,8564,404,1,1,http://localhost:4007/problems/submit,22,0,2
1727202128997,21,HTTP Request,200,OK,VRP Submission 1-2,text,true,,8564,404,1,1,http://localhost:4007/problems/submit,21,0,1
1727202129997,20,HTTP Request,200,OK,VRP Submission 1-3,text,true,,8564,404,1,1,http://localhost:4007/problems/submit,20,0,1
1727202130999,17,HTTP Request,200,OK,VRP Submission 1-4,text,true,,8564,404,1,1,http://localhost:4007/problems/submit,17,0,2
1727202131999,17,HTTP Request,200,OK,VRP Submission 1-5,text,true,,8564,404,1,1,http://localhost:4007/problems/submit,17,0,1
1727202132999,17,HTTP Request,200,OK,VRP Submission 1-6,text,true,,8564,404,1,1,http://localhost:4007/problems/submit,17,0,2
1727202134001,19,HTTP Request,200,OK,VRP Submission 1-7,text,true,,8564,404,1,1,http://localhost:4007/problems/submit,19,0,2
1727202134997,17,HTTP Request,200,OK,VRP Submission 1-8,text,true,,8564,404,1,1,http://localhost:4007/problems/submit,17,0,2
1727202135998,15,HTTP Request,200,OK,VRP Submission 1-9,text,true,,8564,404,1,1,http://localhost:4007/problems/submit,15,0,1
1727202136999,21,HTTP Request,200,OK,VRP Submission 1-10,text,true,,8564,404,1,1,http://localhost:4007/problems/submit,21,0,1
